magnitude;time
1;0.0
1;0.00014184885540224275
1;0.0214664601175394
1;0.022343343950935082
1;0.05762072444445648
1;0.05846322067654253
1;0.39699196176924034
1;0.43422513708724725
1;0.4455601501689355
1;0.4456289253715548
1;0.44623070839447343
1;0.44968236387592797
1;0.4519820347135098
1;0.46645061796453857
1;0.46849238179229813
1;0.47420072360969745
1;0.4749572508385094
1;0.47724402632560015
1;0.4809063058650762
1;0.7763860685682752
1;0.779064003020263
1;0.7827993562125221
1;0.7840029222583593
1;0.8086975184488406
1;0.812355499538153
1;0.816194015534341
1;0.8187172057804354
1;0.8264931021265766
1;0.8283156449959872
1;0.8296180753955896
1;1.1410321928556406
1;1.5049518790653398
1;1.5097489494480338
1;1.521827594408043
1;1.5734820700252778
1;1.5735551436780608
1;1.5776300744332525
1;1.5825045169188934
1;1.583789753517841
1;1.5916731111180746
1;1.5924124445462318
2;1.596491673751587
1;1.6047532949662269
1;1.9768357380368007
1;2.0510398832128285
1;2.0765855725357234
1;2.6557630460434076
1;2.6694149237633327
1;2.6695782648695534
1;2.684107026422874
1;2.6845755574907177
1;2.688336701383959
1;2.688835321602949
1;2.693090787265016
1;2.6946554231246043
1;2.694999299137701
1;2.7250153766308483
1;2.9864729062883275
1;2.9980013496273825
1;3.009577075918238
1;3.009856475178879
1;3.0118294638040193
1;3.02245953105886
1;3.0227905117214653
1;3.034624145022143
1;3.0435434291118297
1;3.043672382616741
1;3.0634366564694533
1;3.090774799510613
2;3.3834648680575676
1;3.3887347679582693
1;3.3920918575361223
1;3.3929472491186994
1;3.4009595602238445
1;3.4095607590014168
1;3.4104419412849762
1;3.4161803722535216
1;3.421940295472885
1;3.4231825475701956
1;3.424472082619307
1;3.42469560202782
1;3.4345132622017203
1;3.439985189260116
1;3.4552575826917575
1;3.4563622843838293
1;3.4578323543398164
1;3.7800054925596194
1;3.8234972113159795
1;3.828504905756695
1;4.115030996768898
1;4.140765817898996
1;4.1419049071923775
1;5.264139977482139
1;5.272023335082372
1;5.604254846685244
1;5.954363612518961
1;5.9606694389091155
1;5.960673737359279
1;5.969472664844382
1;6.047768934576256
3;6.0497591170020515
1;6.049870876706307
1;6.06230199457974
1;6.076014050601957
1;6.29078181458128
1;6.297259578977982
2;6.331230230621737
1;6.331917982647931
1;6.391137730553285
1;6.391167819704431
1;6.413309136497672
2;6.440780531493906
1;6.672393921664787
1;6.683243209877976
1;6.684081407659899
1;6.715550361308377
1;6.715967310974257
1;6.736135639142358
1;6.736466619804963
1;6.743804074234406
2;6.747122477760786
1;6.74750933827552
2;6.765498352210622
1;6.767273612128232
1;6.773042132247923
1;6.773845942428536
1;6.77826045074666
1;6.7811447108065055
1;6.783483067695561
1;6.78355184289818
1;7.819847999065001
1;7.830099802705436
1;7.831303368751273
1;7.831337756352583
1;7.834286493164884
1;7.838778373585955
1;7.844048273486656
1;7.8449122619695615
1;7.850702274340071
1;7.850960181349893
1;7.855396181918836
1;7.865037605636025
1;7.882454925699355
1;7.889543070019303
1;7.9003966566826564
1;7.902189110400921
1;7.905159339464041
1;7.905696645734504
1;7.907570770005879
3;7.907820080115374
1;7.908035002623559
1;7.908095180925851
1;7.90970709973724
1;7.910012289698863
1;7.910201421506066
1;7.912870759057727
1;7.916588918449331
1;7.91720359682274
1;7.91904763194297
1;7.9195161630108135
1;7.921897504401506
1;7.924700093908241
1;7.965187196000172
1;8.189845693806179
1;8.193834655558096
1;8.195687287578652
2;8.244612247341935
1;8.244801379149138
1;8.255147748693174
1;8.26328901330323
1;8.266805145537141
1;8.268515928702294
1;8.269242366779961
1;8.273484937091537
1;8.276614208810713
1;8.27669158091366
1;8.302701502854235
1;8.554895872408931
1;8.593487357978669
1;8.598718571827897
1;8.603648894165666
1;8.6040357546804
1;8.605677762642935
1;8.630858083701915
1;8.631485657425815
2;8.639768770891274
1;8.640069662402732
1;8.661815521780913
1;8.668899367650697
1;8.668989635104136
1;8.914762120114258
1;8.930769548523893
1;8.974054941672396
1;8.975086569711685
1;8.996901204292485
1;9.00276858876594
1;9.003456340792132
1;9.006426569855252
1;9.006542628009672
1;9.01867715282181
1;9.28808251683198
1;9.289664346492222
1;9.294831083588994
2;9.29746173508918
1;9.301454995291262
1;9.301725797651576
1;9.30176448370305
1;9.360029975672061
1;9.360567281942524
1;9.361598909981813
1;9.36420377078102
1;9.372211783435999
2;9.398767608547365
1;9.399459659023721
1;9.404733857374586
2;9.410472288343131
1;9.439134354034712
1;10.417637847750528
1;10.43413959792899
1;10.463652756752984
1;10.46934820321989
1;10.592739513619188
1;10.774624133846173
1;10.787300263378937
1;10.789140000049002
1;10.790072763734527
1;10.793661969621219
1;10.794005845634315
1;10.802117021093226
2;10.802151408694534
3;10.821309601074166
1;10.821666372437752
1;10.825195400022155
1;10.82584016754671
1;10.83386967245251
1;10.840158305042008
1;10.86627998668684
1;10.866550789047153
1;10.867870413247411
1;10.868016560552977
1;10.890944493726176
1;11.175467506962093
1;11.178240007317681
1;11.187378512365717
1;11.187928713986672
1;11.206846193157133
1;11.61133035356171
1;11.611880555182665
1;11.612009508687576
1;11.612353384700672
1;11.612860601819989
1;11.613548353846182
2;11.615027020702497
1;11.615882412285075
1;11.616067245642114
1;11.627329185071018
1;11.631928526746181
1;11.872143115694634
1;11.907244259731444
1;11.90855098858121
1;11.908873372343487
1;11.917526152523024
1;11.91835575340462
1;11.922095405047042
1;11.922473668661448
1;11.92306685478404
1;11.943974516380298
1;11.944056186933407
1;11.944576299403217
1;11.94458059785338
1;11.946592272529994
1;11.949622679895405
1;11.95015138926554
1;11.967499934126252
1;11.967551515528216
1;11.997060375902047
1;12.993127336986758
1;13.386461317666686
1;13.399227714652888
1;13.399550098415165
1;13.402584804230742
1;13.414117546019959
1;13.417706751906653
1;13.420689876320264
1;13.477519685934599
1;13.477902247999168
1;13.47905423264304
1;13.492706110362965
1;13.714617898514366
1;13.7150047590291
1;13.754688050940418
1;13.757026407829473
1;13.761183009137774
1;13.76157416810267
1;13.772857599782395
1;13.807769612012002
1;13.82527719952877
1;13.82548782358679
1;13.831677591822526
1;13.831883917430384
1;13.86070502577802
1;14.106537689090434
1;14.141501282722006
2;14.187658040579862
1;14.188655281017843
1;14.188994858580775
1;14.22087646344497
1;14.225346851615223
1;14.230526484062485
1;14.459651071588581
1;14.459715548341038
1;14.459762831292837
1;14.48632725330453
1;14.497017498861663
1;14.497077677163954
1;14.524656533414282
1;14.525924576212574
1;14.578146447251418
1;14.581447656977144
1;14.593087860020455
1;15.673168029554768
1;15.680243278524225
1;15.68409039142074
1;15.708256278241086
1;15.715714089275114
1;15.7183447407753
1;15.949201603717368
1;16.006517138200202
1;16.026096578695874
1;16.040638235599687
1;16.040754293754105
1;16.041231421722276
1;16.06962698350371
4;16.072141576849475
1;16.072910999428778
1;16.08929669145282
1;16.09463536655614
1;16.315334991761375
1;16.358336687199074
1;16.37413779000085
1;16.379721476763503
4;16.386117570607095
1;16.386302403964134
1;16.38634109001561
1;16.387918621225687
1;16.39158949766549
1;16.391873195376295
1;16.403414534065842
1;16.411706244431628
1;16.719698795561367
1;16.73066844037914
1;16.73808326691153
1;16.763972832247525
1;16.803148907039525
1;17.11294680723802
1;17.11623942006342
2;17.149273009571488
1;17.15125889354712
1;17.20934814905942
1;18.175343152798856
1;18.19260143020613
1;18.228854558886812
1;18.233316350156738
1;18.282301488222313
1;18.28955297364848
1;18.29114340020905
1;18.59248195048538
1;18.622880590043096
1;18.645692465061874
1;18.65169739994057
1;18.687340148698006
1;18.687602354157992
2;18.984470516264068
2;18.98451779921587
1;18.984638155820452
1;18.98482298917749
1;18.984917555081093
1;19.018686179567155
1;19.034942918086283
1;19.03823553091168
1;19.058455440481747
1;19.060892661724566
1;19.064021933443744
1;19.064722580820426
1;19.064838638974848
1;19.064860131225664
1;19.074970086010698
1;19.145658098952815
1;19.29796508360335
1;19.314754829942782
1;19.326339153133965
1;19.35434785440066
1;19.35957047134956
1;19.37853093502166
1;19.39736244518885
1;19.701331646965365
1;19.701770088882064
1;19.715864706968848
1;19.721555854985596
1;19.724177909585453
1;19.72495163061492
1;19.72801212713148
1;19.734103031013447
1;19.749173397287393
1;19.749328141493287
1;19.767532077936576
4;19.782138211592844
1;19.782580951959705
1;19.785873564785103
1;19.789651902478997
1;19.794496255813492
1;19.798958047083417
1;20.81760906532823
1;20.838404967220235
1;20.905512371175988
1;20.933778979452505
1;21.19004398131223
1;21.190374961974836
1;21.207994309195858
1;21.240666828890177
1;21.24076139479378
1;21.240838766896726
1;21.24100640645311
1;21.241118166157364
1;21.241126763057693
1;21.259614397211784
1;21.266100758508813
1;21.26963408454338
1;21.274736344887696
1;21.275780868277476
1;21.27761630649738
1;21.52917880387801
1;21.55723478809651
1;21.557406726103057
1;21.560725129629436
1;21.562925936113253
1;21.5674565025858
1;21.56793363055397
1;21.629728150107383
1;21.632866018726887
1;21.64094710503465
1;21.664511208832078
1;21.927967517815677
1;21.92858649463925
1;21.947099919494327
4;21.966963057700806
1;21.978104640525125
1;21.99201012680471
1;22.00150540321633
1;22.025559530332423
1;22.028946709061422
1;22.280337268435506
1;22.29695937521855
2;22.305285473185645
1;22.369156144168127
1;23.039882009262385
1;23.374873125870355
1;23.397874132696337
1;23.422194763722576
1;23.42296418630188
1;23.424352585704757
1;23.426093458021057
1;23.42766669078097
1;23.443790177345026
1;23.448647426030014
1;23.451050259671522
1;23.452825519589133
1;23.45283411648946
1;23.489125931221615
2;23.7745172313906
2;23.780277154609966
1;23.783492395332416
1;23.78349669378258
2;23.79891953296995
1;23.80763249145178
2;23.85802752117105
1;23.85862070729364
2;23.87627874056614
1;23.882326659946468
1;23.88309608252577
1;23.89518332438611
1;23.895561588000515
1;23.895651855453952
1;23.895669049254607
1;23.895707735306082
1;23.895724929106738
3;23.897366937069272
1;23.897371235519437
1;23.89814065809874
1;24.14545628671763
1;24.154526016563047
1;24.176430918597283
1;24.183695299373944
1;24.1856424972981
1;24.19703768868208
1;24.203562736030584
1;24.231726181503177
1;24.23991472906503
1;24.52212947456304
1;24.53289709222312
1;24.535768456932473
1;24.53835182548086
1;24.538416302233315
1;24.54133065144431
1;24.54651028389157
1;24.54660055134501
1;24.548461780265892
1;24.549334365649123
1;24.55245074201781
1;24.55256250172207
1;24.574935934824147
1;24.57881313687181
1;24.581155792211028
1;24.582707532720125
1;24.58741433564938
1;24.58912082036437
1;24.617542172846786
1;24.623572898426463
1;24.62493120867819
4;24.625352456794236
1;24.62594994136699
1;24.628842798327163
1;24.629023333234038
4;24.629762666662195
1;24.64803107985794
1;24.875436287318553
1;24.903604031241308
2;24.92026912252599
1;24.990075953184547
1;24.997615434771685
1;24.999416485390277
1;24.999889314908284
1;25.000108535866634
1;25.000224594021052
1;25.00570081952961
1;25.01097501788048
1;25.01694556515786
1;26.003512951380788
1;26.0120625687564
1;26.028078594066358
1;26.03410072274571
1;26.035420346945966
1;26.041524146178425
1;26.049845945695356
1;26.053056887967646
1;26.069339417187756
3;26.099497343536306
1;26.100627835929362
1;26.100739595633616
1;26.132900599758454
1;26.383177860540137
1;26.39419478830971
1;26.403900688779355
1;26.47510881419128
1;26.496811689067826
1;26.496858972019627
1;26.803291185739944
1;26.80377691060844
1;26.824224638037183
1;26.85596869249614
1;26.90378895056735
1;27.148813505248988
1;27.149423885172233
1;27.15042112561021
1;27.152535963090756
1;27.159834731468727
1;27.17621182659244
1;27.20321469052083
1;27.20420333405848
1;27.21185027689971
1;27.214059680283857
1;27.21421442448975
1;27.214257408991386
1;27.220644905934652
1;27.223628030348262
1;27.225781553880278
1;27.22824456582408
1;27.229529802423027
1;27.229813500133833
1;27.236084938922676
1;27.503207825895917
1;27.503250810397557
2;27.50968559029262
1;27.509947795752606
1;27.510025167855552
1;27.510059555456863
1;27.514719075434318
1;27.51733253313385
1;27.517917122356113
1;27.51846732397707
1;27.519103494601296
2;27.549192645747226
1;27.554466844098094
1;27.587650879361888
1;27.58784860806942
1;28.646032472469823
1;28.6463548562321
1;28.646440825235377
1;28.646483809737013
2;28.669252700254155
1;28.982859027297696
1;28.982871922648187
2;28.983985221240584
1;28.99237149750997
1;28.99427141248233
1;29.017521729417805
1;29.048608121001717
3;29.04954088468724
1;29.07337579084498
1;29.07879183805125
1;29.079195892366634
1;29.080885183280973
1;29.338637448897337
1;29.353948528380453
1;29.35663935818293
1;29.35825127699432
1;29.370531949112024
1;29.387691362165533
1;29.41696810623052
1;29.41701109073216
1;29.424877254531737
1;29.432240499662164
2;29.43588128695082
1;29.43735135690681
1;29.454966405677666
1;29.455452130546167
1;29.465093554263355
1;29.763010538209375
1;29.763981987946373
1;29.765194150892537
1;29.77566517549132
1;29.776460388771607
1;29.823163049800254
1;29.829348519585825
1;30.09069858798921
1;30.09096509189936
1;30.10439345021077
1;30.115388885729526
1;30.116338843215708
1;30.11642481221898
1;30.157320267076464
1;30.160991143516267
1;30.161335019529364
1;30.162912550739442
1;30.16329081435385
1;30.163553019813836
1;30.28480800048177
1;31.210655479692207
1;31.23178666069698
1;31.233828424524738
1;31.233996064081122
1;31.246955891324692
1;31.251125387983485
1;31.25473178767083
1;31.27379541414686
1;31.276598003653596
1;31.279619814118682
1;31.31305315949197
1;31.31548608228463
2;31.31946644713622
5;31.326640560459442
1;31.54199291366103
1;31.55255420571325
1;31.563038125662526
1;31.563816145142155
1;31.57097736311489
1;31.57863720130661
4;31.579836468902283
1;31.580059988310794
1;31.580201837166197
1;31.582578880106727
1;31.58266484911
1;31.58332681043521
1;31.583331108885375
1;31.586735481415026
1;31.60665020102347
1;31.609581744035115
1;31.610647759675714
1;31.61088847288488
1;31.626212447718487
1;31.626324207422744
1;31.642258562179595
1;31.680991896604734
1;31.68251354796269
1;31.688196099079104
1;31.69778594139433
1;31.949369931025778
1;31.94947309382971
1;31.95769173054271
1;31.95980226957309
1;31.960386858795353
1;31.964272657743344
1;31.964672413608568
128;31.980232803201176
1;31.98024999700183
1;31.9873596335726
1;31.994095304979123
1;32.00463080633036
1;32.01113436142805
1;32.01158140024507
1;32.04500614871804
1;32.04796778088083
1;32.0526487931091
1;32.05403719251198
1;32.054845301142755
1;32.05493127014603
1;32.055214967856834
1;32.060179677795915
1;32.06091471277391
1;32.09752031436801
1;32.30895677947046
1;32.319096823406646
1;32.35152862989179
1;32.357567952371795
1;32.3576152353236
1;32.35847492535634
1;32.358646863362885
1;32.362322038252856
1;32.3646732904924
1;32.364729170344525
1;32.366323895355265
1;32.366727949670654
1;32.397212558231644
1;32.42234559633882
1;32.422491743644386
1;32.441508087168614
1;32.69087407651559
1;32.6956453561973
2;32.697364736262784
1;32.69836197670077
2;32.703567399849014
1;32.70813235392286
1;32.726117069407806
1;32.738182819017325
1;32.76289460900846
1;32.76342331837859
1;32.76757132278657
2;32.78390543340865
1;34.161825214786035
2;34.19718426583266
2;34.29665470107095
1;34.58191704773502
1;34.58192134618518
1;34.65619426656383
1;34.656224355714976
1;34.65625444486612
2;34.93788460114187
1;35.00172088452304
1;35.00629443549722
1;35.03219259773354
1;35.34118238930126
1;36.406420010420305
1;36.40692722753962
1;36.40696161514093
1;36.42974769945872
1;36.463967661211974
1;36.46468980083948
1;36.77642200361164
1;36.777492317702404
1;36.792248897114405
1;36.79830541339506
1;36.801533549468004
1;36.81763124533108
1;36.817846167839264
1;36.81892937728052
1;36.819380714547705
1;36.82925425457373
1;36.829761471693054
1;36.83149804555919
1;36.914436641467866
1;37.1980096972176
1;37.22676203036262
1;37.23473565541629
1;37.24279524947323
1;37.25170163821243
1;37.25173602581374
1;37.56218299198696
1;37.566249325841824
1;37.570487597703234
1;37.60360715621458
1;37.60733391250651
1;37.900522601272456
1;37.90727546647963
1;37.92154632102313
1;37.9227455886188
1;37.97135246306997
1;37.99177010134757
1;39.00938519310293
1;39.01318502304765
1;39.03676202219556
1;39.04020078232653
1;39.040222274577346
1;39.05589872232437
1;39.065063018073396
1;39.09271064952634
1;39.09483408390721
1;39.09532410722587
1;39.10301403456874
1;39.10344817803527
1;39.244334180600845
1;39.27492625041593
1;39.335573083775635
1;39.3688430880427
1;39.39831756081522
1;39.42344200202208
1;39.425647106956056
1;39.431333956522636
1;39.43992655839988
3;39.44720383452704
1;39.45525483168365
1;39.46771603870823
1;39.494310549871074
1;39.5134214592989
1;39.72779376586316
1;39.72800868837135
1;39.74517669832518
1;39.745619438692046
1;39.772708271623706
1;39.77321119029286
1;39.780931206786875
1;39.7871338703731
1;39.78971723892148
1;39.79879126721707
1;39.848786541071114
1;39.84938832409403
1;39.849444203946156
1;40.13407037998601
1;40.17274783455901
1;40.18691982474875
1;40.49336493381956
1;40.49479201927391
1;40.4980373491475
2;40.52800614368885
1;40.53960766068069
1;40.547366363226175
1;40.574708804717496
1;40.5748033706211
4;40.58566555418478
1;40.58609969765131
1;40.602674521482555
1;40.60273469978485
1;41.593157795804615
1;41.595031920075996
1;41.602098572145124
1;41.62103324511624
1;41.62202188865389
1;41.62837499799585
1;41.635312696560064
1;41.68371754385354
1;41.683859392708946
1;41.6851317339574
1;41.6870144551291
1;41.6880804707697
1;41.6887553274454
1;41.70129390657293
1;41.71304157087033
1;41.71437409042108
1;41.99297813778158
1;41.99988574719465
1;41.99992013479596
1;41.99999320844874
1;42.00039726276413
1;42.04413399317982
1;42.046330501213475
3;42.05565383961855
1;42.0565006343008
1;42.05655651415292
1;42.06572940680227
1;42.07150652382229
2;42.07470457074409
1;42.075559962326665
1;42.07872362164715
1;42.07993148614315
1;42.08039142031067
1;42.08119523049128
1;42.0928225381841
1;42.40558207054539
1;42.406020512462085
1;42.40609358611487
1;42.419190963763675
1;42.4201237274492
1;42.44808944421426
1;42.50898558768346
1;42.716235362326465
1;42.71935173869515
1;42.72294524303201
1;42.732423325642976
1;42.734486581721555
1;42.734529566223195
1;42.7359738454782
1;42.74238283467228
2;42.74588177310554
1;42.748439350952935
1;42.7746169124499
1;42.7818640994259
2;42.79507323677897
1;42.8016541639796
1;42.806941257680954
1;42.80826947878154
2;42.83557753267155
1;43.3200042692207
1;43.33407739505667
1;43.63204166195449
1;44.649613769208216
1;44.66061350317713
1;44.94923723786923
1;44.95005824185049
1;44.955732196066585
1;44.96298368149275
1;44.96578627099949
1;44.96715317815155
1;45.01632744802432
1;45.016340343374814
1;45.016357537175466
1;45.01637902942629
1;45.33337683364899
1;45.366578062713444
4;45.371211791989914
1;45.37127626874237
1;45.37378226518781
1;45.37777982384006
1;45.37918971549375
1;45.413856716064025
1;45.41504738675937
1;45.42687672160989
1;45.43708983919885
1;45.70059343113425
1;45.71187686281397
2;45.727862798972794
1;45.7283356284908
1;45.728722489005534
1;45.78646357005457
1;45.794970202928546
1;45.79625543952749
1;45.803537014104805
1;46.822054780394545
1;46.851748474125415
1;46.85363119529712
1;46.85459834658395
1;46.857074253878245
1;46.877616547210586
1;46.879030737314444
1;46.886260730489795
1;46.88857329667787
1;46.8921582041144
2;46.92090623880925
1;46.92105668456498
1;46.92109966906662
1;47.186726695382895
1;47.18687284268846
1;47.20115659258245
1;47.54379465203165
1;47.545810625158424
1;47.55895098730887
1;47.56115609224285
1;47.56934034135454
1;47.61129751340246
1;47.61283635856107
1;47.615613157366816
1;47.617255165329354
1;47.62213390626516
1;47.62247348382809
1;47.64285243605421
1;47.650748689004935
1;47.656074468757765
1;47.97905141715818
1;47.98612666612764
1;47.98794920899705
1;47.98950094950615
1;48.30166729574485
1;48.348107751313506
1;48.35196346111035
1;48.38592121740361
1;48.387253736954364
1;49.40301619668917
3;49.41313474837453
1;49.41712371012645
1;49.41804787691164
1;49.42192937740947
1;49.42375621872905
1;49.48531002507329
1;49.485357308025094
1;49.49936165865844
1;49.52235836703426
1;49.53172898839113
1;49.79016470758353
1;49.79020769208517
1;49.7980437667336
1;49.79900661957027
1;49.84163434984372
1;49.844484222302256
1;49.84808632353944
1;49.848731091063996
1;50.15979273561063
1;50.16161098002987
1;50.16406539507335
1;50.16446085248841
1;50.177304621577555
1;50.194403856328776
1;50.20258810544047
1;50.20841680386245
1;50.227961856756814
1;50.24043166068172
1;50.246122808698466
1;50.25378694534035
1;50.51461260282376
1;50.56096708938915
1;50.565703981469554
1;50.57306292814982
1;50.622301674775045
1;50.622615461637
1;50.6229120546983
1;50.622916353148455
1;50.874788338940874
1;50.888203801901795
1;50.89301806608515
1;50.914845596016434
1;50.933788865887884
1;50.9342488000554
1;50.94978339894703
1;50.9519068333279
1;50.962962447148946
1;50.97672608457312
1;50.98190571702039
1;52.02288718386565
3;52.07742162109256
1;52.07792024131155
1;52.08246800158475
1;52.10038824031724
1;52.38219033459953
1;52.383686195256494
1;52.398988677839284
1;52.44744510653472
1;52.45589585955656
1;52.74297645063989
1;52.7556697739733
1;52.866797606055556
1;53.13351214026324
1;53.151165875085574
1;53.49843336536109
1;53.505220618169574
1;53.51178435156955
1;53.51695538711649
1;53.52404353143643
1;53.549567728508514
1;53.550552073596
1;53.5848021245004
1;53.58546838427577
1;54.622628528925496
1;54.63038293302082
1;54.630774091985714
1;54.631332890507
1;54.63239890614759
1;54.64067342271273
1;54.64682880334715
1;54.64758962902613
1;54.666941251663125
1;54.667336709078185
1;54.668660631728606
1;54.68166344347381
1;54.695581825103886
1;54.6956162127052
1;54.98060345855879
1;54.981299807485314
1;54.98881779682163
1;55.00239230243861
1;55.06288439159242
1;55.06319388000421
1;55.09253080237149
1;55.093897709523546
1;55.34543871465336
1;55.35281055668411
1;55.39938426420785
1;56.29869741055774
1;57.28810177388871
1;57.59876796102028
1;57.600027406918244
1;57.60381863996263
1;57.61087669513143
4;57.6740983001392
1;57.68096292505063
1;57.68099301420178
1;57.681397068517164
1;57.69005844559703
1;57.69223775983003
1;57.9754282535152
1;57.98917469713872
1;57.994672414898105
1;57.99640898876424
1;58.00089227228498
1;58.00112868704399
1;58.01116556817624
1;58.01189630470407
1;58.325377976692856
1;58.33645508276472
1;58.343242335573215
1;58.356546038829876
1;58.371418676396296
1;58.37187861056381
1;58.38022620078173
1;58.40631349482525
1;58.40728494456224
2;58.425342733699964
1;58.673449277148976
1;58.69397867513083
1;58.7610130054338
1;58.76560375020863
1;58.76748217293017
1;58.76893934753567
1;58.778193910738125
1;58.78129739175632
1;58.78871651673887
1;58.789705160276526
1;59.83471857337534
1;59.84440728004433
1;59.84815552858708
1;59.84860256740411
1;59.90364422175034
1;59.90532921421451
1;59.906696121366565
1;60.187655719416775
1;60.18815863808593
1;60.18959002199044
1;60.195027561447525
1;60.205055845679446
1;60.22132118109891
1;60.22446764661874
1;60.22554225915967
1;60.22562822816294
1;60.22598070107636
1;60.22725734077498
1;60.232810938386486
1;60.23846340035176
2;60.265741365090626
1;60.27011718735728
1;60.27613501758646
1;60.27688294791495
1;60.58169034747338
1;60.58241248710089
1;60.589926177987046
1;60.59035172455325
1;60.592268833326266
1;60.59522186858873
1;60.60834933538868
1;60.64773173578854
1;60.650246329134305
1;60.654966027414055
1;60.91198325805242
1;60.91771739057081
1;60.946886673381705
1;60.97034761437521
1;60.98847417871554
1;60.989462822253195
1;60.9947327221539
1;60.99977050574576
1;61.01694711259992
1;61.017394151416944
1;61.03123516094408
1;61.03141139740079
1;61.282969596331256
1;61.28635247661009
1;61.28955052353189
1;61.289735356888926
1;61.29008782980235
1;61.29201353547569
1;61.29782074164685
1;61.298168916110114
1;61.30840782440006
1;61.30893223532003
1;61.317340003840236
4;61.36214274989653
1;61.36270154841781
1;61.36936844462171
1;61.42392437409945
1;62.4125851055521
1;62.425777049104504
4;62.4263229522753
1;62.42823576259814
1;62.43571506588299
1;62.43633834115673
1;62.48722769264482
1;62.48899435566211
1;62.79102495641479
2;62.79247783257012
1;62.80164212831914
1;63.127787034490204
1;63.12808792600166
1;63.14435755987129
1;63.14466274983291
1;63.14652397875379
2;63.14663144000789
1;63.15684025914668
1;63.17556860650994
1;63.185119762773695
1;63.198195648171684
1;63.20867956812096
1;63.22383160494802
1;63.22436031431815
1;63.22442049262044
1;63.22952705141492
1;63.22963021421885
1;63.23562655219722
1;63.241085583905125
1;63.257196175118686
1;63.49899259372739
1;63.53680605981749
1;63.54661942154123
1;63.55920098517039
1;63.560619473724415
1;63.898004827073564
1;63.948326783140054
1;63.948984446015096
2;63.977465976799806
1;63.99283723458521
1;63.99504663796935
1;63.99875620046063
1;63.998842169463906
1;63.998876557065216
1;65.02323591712742
1;65.02440939402211
1;65.03227125937154
1;65.04408769887156
1;65.04808095907364
1;65.06909178347382
1;65.0693797796348
1;65.09094940255626
1;65.3737057527749
1;65.37755716412157
1;65.39463920507214
1;65.43132647721936
1;65.80191735808312
1;66.14005923866108
1;66.15392174043903
1;66.1559635042668
2;66.1565781826402
1;66.15711978736083
1;66.15719286101361
1;66.15844371001126
1;66.20417062285274
1;66.21046785234256
1;66.48533224806063
1;66.49425153215033
1;66.49441917170671
2;66.49689937745116
1;66.49840383500846
1;66.51913096169784
1;66.52274165983536
1;66.523257473855
1;66.52361854366875
1;66.5324604556555
1;66.5460306628223
1;66.56430337446821
1;66.5646601458318
2;66.57431876334964
1;66.57534609293877
1;66.58502620270743
1;66.59621936693371
1;66.5966234212491
1;67.61125968704101
1;67.6135593578786
2;67.61761279638297
1;67.6201445835294
1;67.63222752693957
2;67.66069186392362
2;67.66089389108132
1;67.66140110820064
1;67.66353743793199
1;67.66532989165026
1;67.66637011658987
1;67.66641739954167
2;67.66800352765208
1;67.67354422991309
1;67.6735915128649
1;67.67905914147313
1;67.69473129077
2;67.9857922467049
1;67.98766207252612
1;67.99713155823676
1;68.01488415741285
1;68.02670489536304
1;68.07036855212596
1;68.07093594754755
1;68.07267681986386
1;68.07749968094754
1;68.340427280561
1;68.34335882357264
1;68.34407236629983
1;68.36541846981278
3;68.36770524529987
1;68.37464724231425
1;68.37527051758799
1;68.37784958768621
1;68.37969362280644
2;68.38693221288212
1;68.38794234867059
1;68.38982506984229
1;68.3905944924216
1;68.46294600557707
1;68.46740349839683
1;68.71321466945842
1;68.71407865794133
1;68.73504219938971
1;68.74875855386209
1;68.75004379046105
2;68.75128604255835
1;68.75507297715258
1;68.77207334755003
1;68.8031640375841
1;68.80648673956064
1;68.80974926323489
2;68.81264212019506
1;68.8808069428911
1;69.07548804925543
1;69.08595907385421
1;69.08625136846534
1;69.08783319812558
1;69.0881168958364
1;69.1004792385072
1;69.12402185005381
1;69.17949764786658
1;69.17960510912067
1;70.19550941771088
1;70.20043114314832
1;70.2166577925163
1;70.22944138330315
1;70.29831545027619
1;70.29834553942734
1;70.2983971208293
1;70.3088423547271
1;70.30885954852776
1;70.30890683147956
1;70.30893692063071
1;70.30895841288152
1;70.30908306793627
1;70.56434653090786
1;70.64186048270993
1;70.93213482226489
1;70.98320470865985
1;70.98377210408147
1;70.98402571264113
1;70.9841116816444
1;70.98773957358257
1;70.98774387203274
2;70.9878427363865
1;70.98800177904255
1;70.99509422181266
1;70.99509852026283
1;70.99561433428248
1;71.29692279540765
1;71.29693139230798
1;71.33967947918602
1;71.33968377763618
1;71.3537740972728
1;71.67994479414486
1;72.27139004441976
2;72.90461193183569
2;72.99691255220091
1;72.9974240677704
1;72.99752723057432
1;73.1746405711196
1;73.19372998829661
1;73.53695263696807
1;73.91193223544899
2;74.28960266373237
1;74.29531100554978
1;75.40082510470272
1;75.40269493052394
1;75.4026992289741
1;75.4027336165754
1;75.40283677937934
1;75.4029356437331
1;75.46924353595841
1;75.47031814849933
1;75.4707479935157
2;75.51939355401835
1;75.7575362899879
1;75.76131892613195
1;75.770693845939
1;75.77920477726312
1;75.79894755886502
1;75.80397244710639
1;75.8046344084316
1;75.80484073403946
1;75.80515022245125
2;75.84755013486603
1;75.85015929411539
1;75.86063031871417
1;75.86111604358267
1;75.87057263394283
1;76.13020762073089
1;76.14197677727911
1;76.1432577154279
1;76.15289054224476
4;76.15339346091392
1;76.1535482051198
1;76.15880091121986
1;76.15969928730406
1;76.20307064945584
1;76.21057574344167
1;76.21111304971214
1;76.21290980188056
1;76.21671393027545
1;76.22332494662722
1;76.50111658690678
1;76.5093911034719
1;76.51146725490098
1;76.51148874715179
1;76.5344983508781
1;76.54946985279828
1;76.54967187995598
1;76.86986773110048
1;76.883377759965
1;76.88387638018399
1;76.88389357398465
1;76.89647943606397
1;76.91836284584738
1;76.93595210391727
1;76.93618422022611
1;76.95719074617612
1;76.95771085864594
2;76.96394790983348
1;76.96439924710066
1;78.00489069062726
1;78.01187567214328
1;78.04681347507386
1;78.04775483565972
1;78.04790098296529
2;78.04822766517772
1;78.04829214193018
1;78.04837811093346
2;78.04891541720392
1;78.04936675447111
1;78.04963755683143
1;78.04964185528158
1;78.0617076048911
1;78.06229219411337
3;78.11046062664784
1;78.11169858029498
1;78.35609556125272
1;78.36368662424182
1;78.3705942336549
2;78.3785162773066
1;78.38012389766783
1;78.38023135892192
1;78.39197042631899
1;78.39964745831138
1;78.39989246997071
1;78.4062756684638
1;78.40674849798181
2;78.44659942944952
1;78.44779439859502
1;78.44839618161794
1;78.45016284463523
4;78.47129832409016
1;78.71134097503206
1;78.71573828954953
1;78.7338734507902
1;78.7406349128977
4;78.74493766151159
1;78.74500213826403
1;78.76024444254453
1;78.77774343316096
2;78.78484447283141
1;78.78526572094745
1;78.78634463193855
1;78.78671000020246
1;78.79351874526176
1;78.79520373772594
1;78.8009163779935
2;78.80125595555643
1;78.80417460321759
1;78.82449767559159
1;78.83055419187224
1;79.11834402723257
1;79.1194530273748
1;79.18710203605119
1;79.1885334199557
1;79.21002137232406
1;79.21403612477695
1;79.46373309478655
1;79.48968283842483
1;79.52562218024356
3;79.5305310103305
1;79.5319065143829
1;79.53281348736743
1;79.56073192118069
1;79.56795331745572
2;79.58647533921112
1;79.5865484128639
1;79.58750266880024
1;79.5881947192766
1;79.58982383188865
1;79.9197728664546
1;80.59767714332223
1;80.60061298478405
1;80.84227615143767
1;80.93566857814447
1;80.96157103883095
1;80.96159253108178
1;80.9628691707804
1;80.96304110878694
1;80.97006047790427
4;80.97671447875769
1;80.97690361056489
1;80.97831780066875
1;80.98690610409582
1;80.9869447901473
1;80.98704365450106
1;80.98819134069477
1;80.98885760047014
1;80.9976866171064
1;80.9987999156988
1;81.00076430742361
1;81.00077290432394
1;81.04274297172235
1;81.04377459976163
2;81.0580024698035
1;81.05898251644082
1;81.06210319125967
1;81.06218056336262
1;81.06221495096392
1;81.09206338890068
1;81.34556878575532
1;81.35098483296159
1;81.36658390860566
1;81.37946206529612
1;81.38739270584816
1;81.39290331895802
1;81.40504644067049
1;81.40510661897278
1;81.40595771210519
1;81.41710789182984
1;81.70549091331277
1;81.71207613896357
1;81.79722843670655
1;81.79836752599992
1;81.83771983724864
1;82.07771090678858
1;82.08337626410434
1;82.08448956269675
1;82.08481194645903
6;82.10943776744688
1;82.11026736832848
1;82.11061124434157
1;82.11711479943926
1;82.11757473360677
1;82.11765640415989
1;82.12378169564316
1;82.12550967260897
1;82.13596780185726
1;82.13609245691201
1;82.1498431989857
1;82.15961787465797
1;82.16368420851283
1;82.17683746601377
1;82.17757250099176
1;83.19189497992173
1;83.20182010134972
1;83.2020350238579
1;83.20243907817328
1;83.21380418040613
1;83.21742347544397
1;83.21784472356
1;83.5613725621931
1;83.57112144716437
1;83.67657102658038
1;83.67657962348069
1;83.94175961097994
1;83.96391382312368
1;84.31100937539264
1;84.31264278645484
1;84.32980219950835
3;84.36154195551714
1;84.36883642544495
1;84.37080081716977
1;84.38239803571143
1;84.38293104353174
1;84.38334799319762
1;84.3835027374035
1;84.40635329847376
1;84.43097482101146
1;84.66885105307085
1;84.67867301169493
1;84.68288119440518
1;84.68544736915293
4;84.7022070263412
1;84.72315337398894
1;84.73381782884509
1;84.73697289126524
5;84.74292624474198
1;84.74303370599607
1;84.79015331669059
1;85.77808761006558
1;85.77816498216852
1;85.79881903520513
1;85.80472080727989
1;85.80509477244414
1;85.81157683529099
1;85.8117315794969
1;85.81250530052635
1;85.82019522786922
1;85.8245452594349
1;85.83796502084599
1;85.90664135911149
1;86.16876514854434
1;86.17353212977588
1;86.19990312153021
1;86.20097773407113
1;86.22295141130799
1;86.53915400225041
1;86.54085618851524
1;86.58600281058463
1;86.60391015396661
1;86.60949384072927
1;86.60985920899319
1;86.61446714756867
1;86.6342185260709
1;86.8995446608757
1;86.9055023128026
1;86.91212192605471
1;86.91232395321241
1;86.98441755935805
1;86.9875382341769
1;86.98888364907813
1;86.99500894056142
1;87.01036300454616
1;87.01344499331354
1;87.29075950562493
1;87.29100451728426
1;87.31737121058842
1;87.31912927670538
1;87.32421004479887
1;87.32885237097568
1;87.32887816167666
1;87.32895123532944
1;87.33868292650007
1;87.36285741022074
1;88.37424834613905
1;88.39367734087901
1;88.41208760293016
1;88.41455061487396
1;88.42086073971427
2;88.4315509852714
1;88.43210118689235
1;88.44830204555936
1;88.45455199209738
1;88.46396129950574
4;88.48632613570749
1;88.48646368611273
1;88.48657114736682
1;88.49953527306054
1;88.49989204442414
1;88.5123790421497
1;88.74572470773656
1;88.74855308794427
1;88.75981072892301
1;88.76314632625005
1;88.77911077015804
1;88.80453180442619
1;88.83925898329876
1;88.84550463138662
1;88.84573674769545
1;88.88923706335216
1;89.13413266452888
1;89.13724904089756
1;89.13733071145067
1;89.1376702890136
1;89.15824696994726
1;89.16715765713661
1;89.17209227792455
1;89.20765335612887
1;89.21237305440862
1;89.21301782193318
1;89.21343047314889
1;89.21348205455085
1;89.21355082975347
1;89.2136196049561
1;89.21366258945773
1;89.21370987240954
1;89.213774349162
1;89.21381733366363
1;89.21386031816526
1;89.21389900421674
1;89.21394628716854
1;89.21398497322001
1;89.21402795772165
1;89.21408383757378
1;89.25362957907986
1;89.25368545893198
1;89.50972694138319
1;89.51139474004671
1;89.52596648610167
1;89.52607394735577
1;89.52621579621116
1;89.52628027296362
1;89.5263662419669
1;89.52674020713114
1;89.52687345908622
1;89.52696372653965
1;89.52699811414097
1;89.5270410986426
1;89.52709697849473
1;89.52714855989669
1;89.5329041846659
1;89.5360764408867
1;89.53650198745291
1;89.91816567593838
1;89.92604903353862
2;89.9280993942667
1;89.93082031322032
1;89.93547983319777
1;91.00607762167097
1;91.00608192012113
2;91.0915566016264
1;91.36502400104126
1;91.36502829949141
1;91.3899722057914
1;91.44351799948066
1;92.10897826312438
1;92.14579878722667
1;92.18340592770892
1;92.19091532014491
1;92.24033030322686
1;92.29732775239758
1;92.34779155731947
1;92.46772261533698
1;92.52159079278853
1;92.53009312721233
1;92.58219034319643
1;93.5933964457577
1;93.603854575006
2;93.70149387047455
1;93.70345826219936
1;93.96180371393831
1;93.98869481816244
1;94.34034672760494
2;94.36130167215299
1;94.36496825014264
1;94.6018644355647
1;94.69425532338337
1;94.7060717628834
1;94.73707218546403
1;94.81578970331195
1;95.08543148208112
1;95.19784455076231
1;95.55483083685796
1;95.58545299582418
1;95.59502564433875
1;95.59957770306212
1;95.60266828872982
1;95.61683598046939
1;95.62588421806399
1;95.66081342409424
1;95.68818165628656
1;95.72273259870241
1;95.72807127380572
1;95.78651730068162
1;95.79820478667673
1;96.19460356232338
1;96.27930452279918
1;96.29516150545308
1;96.5624176443814
1;96.58856511672721
1;96.70320908104337
1;96.93289246709074
1;97.02298368407182
1;97.02878659179282
1;97.11502639742723
1;97.11690482014876
1;97.13254258184432
1;97.15562525922341
1;97.20074609059182
1;97.24410025894294
1;97.30207345630082
2;97.33559706912754
1;97.35594593220252
1;97.3780829505456
2;97.3781646210987
4;97.38367953265875
1;97.6721528215951
2;97.7043052288196
1;97.70754196179288
1;97.70755915559354
1;97.74478373401122
1;97.75362134754779
1;97.80210786539438
1;97.80211216384454
1;98.79639096966115
1;98.79640386501164
1;98.79641246191197
1;98.7964210588123
1;98.7964339541628
1;98.79708731858767
1;98.79709161703784
1;98.797095915488
1;98.79779656286469
1;98.80065933067371
1;98.80073670277666
1;98.8007796872783
1;98.80088285008222
1;98.80096452063533
1;98.80108057878975
1;98.80119663694417
1;98.80133848579958
1;98.80161358661005
1;98.80178982306677
1;98.80190588122119
1;98.80313953641817
1;98.80751535868482
1;98.80764431218972
2;98.80827188591363
2;98.80828048281396
1;98.80828478126412
1;98.80939807985652
1;98.80994828147747
1;98.8099568783778
1;98.81015460708534
1;98.82592991918612
1;98.8260760664917
1;98.82645862855627
1;98.82702172552771
1;98.82784702795914
1;98.82877119474433
1;98.87985827493996
1;98.88162493795724
1;99.16519369525682
1;99.16820690882157
1;99.19728162572888
1;99.20113733552571
1;99.2214260202984
1;99.22764587768528
1;99.23999532500561
1;99.25764476137778
1;99.25793275753874
1;99.25903745923081
1;99.266998188934
1;99.54717546905441
1;99.55607326089327
1;99.55667074546602
1;99.5567094315175
1;99.58821707121746
1;99.59426069214763
1;99.59449280845647
1;99.77844068476202
1;99.9132744694971
1;99.91350228735578
1;99.92298466841692
1;99.94474342314558
1;99.94653587686385
1;99.95762157983604
1;99.96966153874457
1;99.97090808929205
1;99.97279081046375
1;100.0
